{
  "sample_count": 20,
  "top_k": 5,
  "faithfulness": 0.49381216358757196,
  "response_relevancy": 0.6687134641710539,
  "faithfulness_scores": [
    0.25,
    1.0,
    0.0,
    0.6,
    0.6111111111111112,
    0.5769230769230769,
    0.7,
    0.6666666666666666,
    0.7586206896551724,
    0.4,
    0.5,
    0.0,
    0.0,
    0.6923076923076923,
    0.625,
    0.5789473684210527,
    0.0,
    0.9166666666666666,
    0.35714285714285715,
    0.6428571428571429
  ],
  "response_relevancy_scores": [
    0.6147172517397904,
    0.5921818345303438,
    0.5916973297518253,
    0.764805532227108,
    0.0,
    0.6774616414164019,
    0.7457667570358425,
    0.8125417316363408,
    0.7086838978797156,
    0.7408106458530426,
    0.7431474032092773,
    0.7422538035749079,
    0.6300871587772345,
    0.6440772204268509,
    0.7496843083781861,
    0.5141695237444571,
    0.7701351118455663,
    0.7987871816395935,
    0.7458403775453866,
    0.787420572209208
  ]
}

