{
  "sample_count": 5,
  "top_k": 5,
  "faithfulness": 0.7625478927203065,
  "response_relevancy": 0.6667765640398384,
  "faithfulness_scores": [
    0.08333333333333333,
    0.9655172413793104,
    0.8888888888888888,
    0.875,
    1.0
  ],
  "response_relevancy_scores": [
    0.645026491604716,
    0.6843827743449175,
    0.5754477302762812,
    0.775064900569784,
    0.6539609234034935
  ]
}